08:50;entry;Телефонный справочник
08:50;entry;Калькулятор
08:50;entry;Погода в Екатеринбурге
08:56;entry;Телефонный справочник
08:56;entry;Добавить новую запись
08:56;entry;{'content_type': 'text', 'message_id': 791, 'from_user': {'id': 5939391958, 'is_bot': True, 'first_name': 'FirstProbeBot', 'username': 'firstbotsloghno_bot', 'last_name': None, 'language_code': None}, 'date': 1672113402, 'chat': {'type': 'private', 'last_name': None, 'first_name': 'Денис', 'username': None, 'id': 589325785, 'title': None, 'all_members_are_administrators': None, 'photo': None, 'description': None, 'invite_link': None, 'pinned_message': None, 'sticker_set_name': None, 'can_set_sticker_set': None}, 'forward_from_chat': None, 'forward_from': None, 'forward_date': None, 'reply_to_message': None, 'edit_date': None, 'media_group_id': None, 'author_signature': None, 'text': 'Напишите фамилию, имя, телефон, почту и комментарий в одну строку', 'entities': None, 'caption_entities': None, 'audio': None, 'document': None, 'photo': None, 'sticker': None, 'video': None, 'video_note': None, 'voice': None, 'caption': None, 'contact': None, 'location': None, 'venue': None, 'new_chat_member': None, 'new_chat_members': None, 'left_chat_member': None, 'new_chat_title': None, 'new_chat_photo': None, 'delete_chat_photo': None, 'group_chat_created': None, 'supergroup_chat_created': None, 'channel_chat_created': None, 'migrate_to_chat_id': None, 'migrate_from_chat_id': None, 'pinned_message': None, 'invoice': None, 'successful_payment': None, 'connected_website': None, 'json': {'message_id': 791, 'from': {'id': 5939391958, 'is_bot': True, 'first_name': 'FirstProbeBot', 'username': 'firstbotsloghno_bot'}, 'chat': {'id': 589325785, 'first_name': 'Денис', 'type': 'private'}, 'date': 1672113402, 'text': 'Напишите фамилию, имя, телефон, почту и комментарий в одну строку'}}
08:56;entry;helooo
08:57;entry;Телефонный справочник
08:57;entry;Добавить новую запись
08:57;entry;Напишите фамилию, имя, телефон, почту и комментарий в одну строку
08:57;entry;ghj
09:00;entry;Калькулятор
09:00;entry;Комплексные
09:00;entry;Комплексные
09:00;entry;Калькулятор
09:00;entry;Комплексные
09:01;entry;2-2j + 7+5j
09:02;entry;Погода в Екатеринбурге
09:02;entry;Телефонный справочник
09:02;entry;Импорт данных
09:02;entry;.txt
09:02;entry;Калькулятор
09:02;entry;Рациональные
09:02;entry;5/11 - 3/4
07:51;entry;Телефонный справочник
07:51;entry;Посмотреть записи
09:52;entry;Телефонный справочник
09:52;entry;Посмотреть записи
09:52;entry;Телефонный справочник
09:52;entry;Посмотреть записи
09:55;entry;Телефонный справочник
09:55;entry;Добавить новую запись
09:55;entry;Напишите фамилию, имя, телефон, почту и комментарий в одну строку
09:55;entry;fght
09:55;entry;Телефонный справочник
09:55;entry;Посмотреть записи
10:09;entry;Телефонный справочник
10:09;entry;Посмотреть записи
10:09;entry;Телефонный справочник
10:09;entry;Посмотреть записи
10:10;entry;Телефонный справочник
10:10;entry;Посмотреть записи
10:10;entry;Добавить новую запись
10:10;entry;Напишите фамилию, имя, телефон, почту и комментарий в одну строку
10:11;entry;Петров Петр
10:11;entry;Посмотреть записи
10:14;entry;Телефонный справочник
10:14;entry;Посмотреть записи
10:15;entry;Посмотреть записи
10:16;entry;Добавить новую запись
10:16;entry;Напишите фамилию, имя, телефон, почту и комментарий в одну строку
10:16;entry;qwe
10:16;entry;Посмотреть записи
10:16;entry;Добавить новую запись
10:16;entry;Напишите фамилию, имя, телефон, почту и комментарий в одну строку
10:16;entry;qwe
10:16;entry;Посмотреть записи
10:18;entry;Телефонный справочник
10:18;entry;Импорт данных
10:18;entry;Экспорт данных
10:18;entry;.txt
10:35;entry;Посмотреть записи
10:42;entry;Телефонный справочник
10:42;entry;Посмотреть записи
10:43;entry;Посмотреть записи
